Respondent ID,Collector ID,Start Date,End Date,IP Address,Email Address,First Name,Last Name,Custom Data 1,"""I love this place. Decor 10 out of 10, Taste 10 out of 10. and seriously is it a chef making these meals or a chemist. the mixture of the flavors is just perfect and amazing. you enjoy every bite you take. and wow the bread to start off with adds this moist and chewiness that you want to savor..... you can't go wrong with this place. the duck and the salmon was wonderful and great portion size too! but like it said. i loved the bread lol."" Rating: EXCELLENTExplanations



     Words
 Weights


great
0.19


wonderful
0.16


wow
0.14


enjoy
0.12


perfect
0.1


","""we went here with some friends that live in the neighborhood and it was super cute. The people were very friendly and the food was delicious. i had the vegetable risotto which was tasty with fresh corn, sweet potato and other yummy things. i also tasted the steak au poivre which was very peppery. i liked it. this is a great place to go for a yummy and enjoyable meal.""Rating: EXCELLENTExplanations



  Words
Weights


great
0.26


sweet
0.21


fresh
0.18


delicious
0.14


","I really like pizza, and I came here really loving the Lombardi's that used to exist in Philadelphia. That one probably produced the same pizza that the 5-star reviews here refer to. Unfortunately, the one they gave me was soggy and unpleasant, and took some 2 hours of waiting to finally procure. So I am not really a fan.Rating: POORExplanations



  Words
Weights


Unfortunately
0.26


Unpleasant
0.21


loving
0.18


really
0.14


exist
0.06


","The place is totally overcrowded, noisy, too brightly lit, not relaxing, and gratuitously overpriced.  Overrun by tourists.  Completely not worth it.  Go to a real restaurant if you want a relaxing and enjoyable eating experience.  If you're just there to shop, be jostled by the madding crowd and by gypped, then you might enjoy it.Rating: POORExplanations



  Words
Weights


overrun
0.21


overpriced
0.18


noisy
0.17


enjoy
0.14


gypped
0.05


","""This place is great. Reminiscent of a Japanese spin on ""fast food,"" but the quality is anything but that. I got a hearty meal of vegetables over brown rice with tofu for under ten bucks. Food tasted fresh, came out quickly, and they serve beer and sake."" Rating: EXCELLENTExplanations



  Words
Weights


fresh
0.34


great
0.27


sake
0.18


rice
0.13


fast
0.06


","Did the explanations increase your understanding of how the classifier is detecting ratings of  reviews? (1 - did not increase, 5-greatly increased)","Did the explanations increase your trust in the classifier? (1 - did not increase, 5 - greatly increased)","Based on the above explanations, will you be able to identify the rating of reviews among a new set of reviews given to you (1-cannot identify, 5- can identify very accurately)",Choose one of the following:,Any other comments
,,,,,,,,,Open-Ended Response,Open-Ended Response,Open-Ended Response,Open-Ended Response,Open-Ended Response,Open-Ended Response,Open-Ended Response,Open-Ended Response,Response,Open-Ended Response
10642520756,229573261,04/04/2019 05:08:47 PM,04/04/2019 05:09:26 PM,141.225.195.182,,,,,5,5,5,5,5,5,5,5,I would like to see lesser explanations for each review.,Great Work done 
10642514034,229573261,04/04/2019 05:05:37 PM,04/04/2019 05:06:13 PM,141.225.193.137,,,,,5,5,5,5,5,5,5,5,I would like to see lesser explanations for each review.,Great Job
10642507351,229573261,04/04/2019 05:02:19 PM,04/04/2019 05:03:00 PM,141.225.194.15,,,,,5,5,5,5,5,5,5,5,The amount of information in the explanation is just right.,Nice Research 
10642500053,229573261,04/04/2019 04:58:39 PM,04/04/2019 04:59:23 PM,141.225.195.37,,,,,5,5,5,5,5,5,5,5,I would like to see lesser explanations for each review.,Excellent Work 
10642494063,229573261,04/04/2019 04:55:30 PM,04/04/2019 04:56:12 PM,141.225.194.83,,,,,5,5,5,5,5,5,5,5,I would like to see lesser explanations for each review.,satisfied
10642486939,229573261,04/04/2019 04:51:38 PM,04/04/2019 04:52:29 PM,141.225.195.5,,,,,5,5,5,5,5,5,5,5,I would like to see lesser explanations for each review.,Nice
10642480189,229573261,04/04/2019 04:48:23 PM,04/04/2019 04:49:04 PM,141.225.193.186,,,,,5,5,5,5,5,5,5,5,I would like to see lesser explanations for each review.,Great job
10642472358,229573261,04/04/2019 04:44:34 PM,04/04/2019 04:45:08 PM,141.225.245.10,,,,,5,5,5,5,5,5,5,5,The amount of information in the explanation is just right.,
10642460884,229573261,04/04/2019 04:38:32 PM,04/04/2019 04:39:24 PM,141.225.122.16,,,,,5,5,5,5,5,5,5,5,I would like to see lesser explanations for each review.,Nice explanations 
10642450859,229573261,04/04/2019 04:04:34 PM,04/04/2019 04:34:36 PM,141.225.42.111,,,,,4,4,2,2,4,3,2,3,I would like to see more explanations for each review,"1. word level explanations are less informative than sentence based explanations.  2. if all explanatory words are positive or negative, it is easy to understand why the review is positive or negative. 3. However, in the case of an explanation containing both positive and negative words, the explanation can be confusing."
10642301196,229573261,04/04/2019 03:28:35 PM,04/04/2019 03:29:49 PM,76.107.220.28,,,,,5,5,3,5,3,4,4,4,The amount of information in the explanation is just right.,
10641654673,229573261,04/04/2019 11:35:58 AM,04/04/2019 11:37:58 AM,141.225.245.10,,,,,3,5,4,4,5,4,3,4,The amount of information in the explanation is just right.,
10641649378,229573261,04/04/2019 11:27:15 AM,04/04/2019 11:36:13 AM,76.107.219.249,,,,,3,4,5,4,5,4,4,4,The amount of information in the explanation is just right.,
10641585286,229573261,04/04/2019 11:01:46 AM,04/04/2019 11:14:51 AM,141.225.194.205,,,,,5,4,4,4,4,4,4,5,The amount of information in the explanation is just right.,
10641569280,229573261,04/04/2019 11:06:57 AM,04/04/2019 11:09:42 AM,141.225.245.10,,,,,5,4,4,4,4,3,3,3,The amount of information in the explanation is just right.,
10641568897,229573261,04/04/2019 11:07:16 AM,04/04/2019 11:09:34 AM,141.225.71.122,,,,,3,2,3,4,3,3,3,3,I would like to see more explanations for each review,
10641556870,229573261,04/04/2019 11:03:17 AM,04/04/2019 11:05:42 AM,172.58.172.126,,,,,5,4,5,5,4,4,4,5,I would like to see more explanations for each review,
10640603906,229573261,04/04/2019 04:44:06 AM,04/04/2019 04:45:07 AM,99.1.3.128,,,,,3,3,3,3,3,3,3,3,I would like to see more explanations for each review,
10640161695,229573261,04/03/2019 11:17:56 PM,04/03/2019 11:21:12 PM,69.246.89.23,,,,,5,4,4,4,4,5,5,5,I would like to see more explanations for each review,
10640111779,229573261,04/03/2019 10:28:16 PM,04/03/2019 10:37:23 PM,167.187.100.160,,,,,5,5,5,5,5,5,5,5,The amount of information in the explanation is just right.,
10640016349,229573261,04/03/2019 09:16:37 PM,04/03/2019 09:23:05 PM,76.107.219.51,,,,,5,4,5,4,3,5,4,5,I would like to see more explanations for each review,
10640001266,229573261,04/03/2019 09:09:32 PM,04/03/2019 09:12:19 PM,76.107.219.70,,,,,5,3,4,5,5,5,5,5,The amount of information in the explanation is just right.,
10639956314,229573261,04/03/2019 08:36:22 PM,04/03/2019 08:41:38 PM,73.5.27.79,,,,,4,4,4,4,4,4,5,5,The amount of information in the explanation is just right.,
10639873077,229573261,04/03/2019 07:10:21 PM,04/03/2019 07:48:38 PM,141.225.245.10,,,,,2,2,4,4,2,3,3,3,The amount of information in the explanation is just right.,nothing!
10639822116,229573261,04/03/2019 07:11:09 PM,04/03/2019 07:16:52 PM,96.66.111.46,,,,,5,5,5,5,5,5,5,5,The amount of information in the explanation is just right.,
10639658224,229573261,04/03/2019 05:39:24 PM,04/03/2019 05:42:11 PM,141.225.245.10,,,,,5,5,5,5,5,3,4,5,I would like to see more explanations for each review,
10639625722,229573261,04/03/2019 05:12:44 PM,04/03/2019 05:23:55 PM,141.225.193.16,,,,,5,4,4,4,5,5,5,4,I would like to see more explanations for each review,
10639582013,229573261,04/03/2019 04:57:12 PM,04/03/2019 05:00:22 PM,141.225.62.246,,,,,4,4,4,5,5,4,4,4,The amount of information in the explanation is just right.,Considering more features such as points given to any variable will make the classifier more trustworthy
10639580829,229573261,04/03/2019 04:58:08 PM,04/03/2019 04:59:43 PM,75.65.50.180,,,,,5,5,5,5,5,5,5,5,I would like to see more explanations for each review,
10639568402,229573261,04/03/2019 04:49:23 PM,04/03/2019 04:53:15 PM,73.252.69.57,,,,,4,4,4,4,4,4,4,4,The amount of information in the explanation is just right.,
10639514289,229573261,04/03/2019 04:22:41 PM,04/03/2019 04:26:10 PM,141.225.245.10,,,,,4,5,4,4,4,4,5,4,The amount of information in the explanation is just right.,
10639460163,229573261,04/03/2019 04:00:54 PM,04/03/2019 04:01:36 PM,99.114.67.78,,,,,5,5,4,5,4,5,4,4,The amount of information in the explanation is just right.,
