Respondent ID,Collector ID,Start Date,End Date,IP Address,Email Address,First Name,Last Name,Custom Data 1,"""Good service and good beer on tap. I wouldn't come here for food though.""    Explanation



                   Reason
Importance


The user who wrote this review wrote other reviews that were predicted as spam.
0.65


The review contains the words good, knowledge, and ridiculous.
0.23


This is a positive review while most other reviews for this hotel were negative.
0.10


","""Cheesesteak was pretty good, albeit this is quite a touristy place and I'm sure there are plenty of better places in town, maybe without the hype but good or even better. Went for one here followed by another at Pat's. I preferred Geno's bread, but was more a fan of Pat's steak which was filleted and just less dry, with more onions. And the dried red pepper gave it that oomph!!."" Explanation



                                       Reason
Importance


This is a positive review while most other reviews for this hotel were negative.
0.88


","""Cold Steak? Old Bread? Racist Owner? Count me in. If they made good cheese steaks I would still give a decent review but Pat's is better any day of the week. This place does not deserve to be such a Philly landmark with such bad food. This city is known for its food so step your game up. "" Explanation



                         Reason
Importance


This is a negative review while most other reviews for this hotel were positive.
0.75


The user who wrote this review wrote other reviews that were predicted as spam.
0.18


","I don't like writing bad reviews but I feel compelled. I decided to come here with 2 friends based on the number of great reviews. All three of us eat out EVERY night...If an italian restaurant can't get the meatballs in tomato sauce right, should they be doing anything else? The meatballs were tough, and all of us at the table thought so. The eggplant appetizer needed seasoning and the sauce it came in had no flavor. I had the fillet of sole entrée which was a disaster. It tasted fishy and there was a brown pile of diarrhea looking (and tasting) substance on top of the fish..... not appetizing... I did not eat it.... am going back to my usual dining locations.... sometimes different isn't always better...   Explanation



                   Reason
Importance


The review contains words disaster, tough and top
0.62


This is a negative review while most other reviews for this hotel were positive.
0.21


","""""Visited this restaurant last week and we kind love it. Dinning room, quite petite and close each other, but overall food wise is AOK. We tried their ""Stuffed Challah Toast"" (it was great, but I am not SWEET person). Their ""Huevos Rancheros"" was good and flavorful. Tip.""   Explanation



                   Reason
Importance


This is a positive review while most other reviews for this hotel were negative.
0.72


The review contains the words great, good, and sweet.
0.17


","Did the explanations increase your understanding of how the classifier is detecting spam reviews? (1 - did not increase, 5-greatly increased)","Did the explanations increase your trust in the classifier? (1 - did not increase, 5 - greatly increased)","Based on the above explanations, will you be able to identify the spam reviews among a new set of reviews given to you (1-cannot identify, 5- can identify very accurately)",Choose one of the following:,Any other comments
,,,,,,,,,Open-Ended Response,Open-Ended Response,Open-Ended Response,Open-Ended Response,Open-Ended Response,Open-Ended Response,Open-Ended Response,Open-Ended Response,Response,Open-Ended Response
10642542673,228484297,04/04/2019 05:08:54 PM,04/04/2019 05:20:45 PM,141.225.245.10,,,,,5,2,3,3,5,5,4,3,The amount of information in the explanation is just right.,"In the last survey, I said to make it a percentage scale, and you did that here. This seems clearer to me. A few (like the first one) look like they roughly add up to 1 or 100% (it's 0.98, which is much clearer) maybe with some rounding errror. The second one, which has only 0.88 (clearly not adding to 1) is more confusing: is that the only factor, and if so, what is it not at 100% importance, or are there other factors making up the remaining 12% that are not included. If the importances can be thought of as percents, I would include a ""Other reasons"" category so that everything adds up to 100%.     I guess you were ahead of me in thinking about this. This seems much clearer. "
10642519203,228484297,04/04/2019 05:07:48 PM,04/04/2019 05:08:42 PM,141.225.195.182,,,,,5,5,5,5,5,5,5,5,I would like to see lesser explanations for each review.,Need elaborate explanation 
10642512700,228484297,04/04/2019 05:04:48 PM,04/04/2019 05:05:33 PM,141.225.193.137,,,,,5,5,5,5,5,5,5,5,I would like to see lesser explanations for each review.,good research 
10642505782,228484297,04/04/2019 05:01:37 PM,04/04/2019 05:02:16 PM,141.225.194.15,,,,,5,5,5,5,5,5,5,5,The amount of information in the explanation is just right.,Great
10642498548,228484297,04/04/2019 04:57:49 PM,04/04/2019 04:58:35 PM,141.225.195.37,,,,,5,5,5,5,5,5,5,5,I would like to see lesser explanations for each review.,Excellent 
10642492669,228484297,04/04/2019 04:54:36 PM,04/04/2019 04:55:27 PM,141.225.194.83,,,,,5,5,5,5,5,5,5,5,The amount of information in the explanation is just right.,Nice work 
10642485108,228484297,04/04/2019 04:50:46 PM,04/04/2019 04:51:34 PM,141.225.195.5,,,,,5,5,5,5,5,5,5,5,I would like to see lesser explanations for each review.,Good description 
10642478554,228484297,04/04/2019 04:47:28 PM,04/04/2019 04:48:15 PM,141.225.193.186,,,,,5,5,5,5,5,5,5,5,I would like to see lesser explanations for each review.,Nice 
10642471009,228484297,04/04/2019 04:43:47 PM,04/04/2019 04:44:26 PM,141.225.245.10,,,,,5,5,5,5,5,5,5,5,The amount of information in the explanation is just right.,
10642458801,228484297,04/04/2019 04:37:08 PM,04/04/2019 04:38:24 PM,141.225.122.16,,,,,5,5,5,5,5,5,5,5,I would like to see lesser explanations for each review.,More Specific Explanation is required 
10642413498,228484297,04/04/2019 12:40:29 PM,04/04/2019 04:17:14 PM,141.225.42.111,,,,,5,2,5,3,2,5,3,3,The amount of information in the explanation is just right.,"The explanations tell us exactly how the classifier arrived at its decision for predicting reviews as spams. So, they provide transparency to the workings of a classifier. I think the user's history of spamming is a great indicator of spam. However, ""the reason that the review contains good, great, etc. words"" for tagging a review as spam is misleading. Good reviews will by design have good and negative reviews will inherently contain negative sentiment carrying words.  Also, a hotel may have some services that are great while some services that suck! For example, if most negative reviews about a hotel might be about expensive price and the current good review is about the quality of food,  it is likely that current review is not a spam. Therefore, the explanation that most of the reviews are negative might not be a good indicator of review spam in this case. However,  if most reviews about the pricing are negative, and the current positive review is about price, then the above explanation is more plausible."
10642297358,228484297,04/04/2019 03:24:17 PM,04/04/2019 03:28:16 PM,76.107.220.28,,,,,1,3,3,3,5,2,1,1,The amount of information in the explanation is just right.,
10642107351,228484297,04/04/2019 02:05:02 PM,04/04/2019 02:14:53 PM,75.64.203.243,,,,,2,2,4,3,1,4,2,4,I would like to see more explanations for each review,"Explanations don’t always apply. #1 did not have word ridiculous in the review. And some of the trigger words don’t seem like they should contribute to marking as spam or not. Such as good, top, great, sweet. "
10641647874,228484297,04/04/2019 11:30:23 AM,04/04/2019 11:35:42 AM,141.225.245.10,,,,,3,5,3,3,5,3,3,1,I would like to see more explanations for each review,
10641622449,228484297,04/04/2019 10:58:03 AM,04/04/2019 11:27:02 AM,76.107.219.249,,,,,4,5,5,4,5,4,3,4,I would like to see more explanations for each review,
10641561469,228484297,04/04/2019 11:04:25 AM,04/04/2019 11:07:11 AM,141.225.71.122,,,,,5,3,5,4,4,4,,4,The amount of information in the explanation is just right.,
10641560392,228484297,04/04/2019 11:03:13 AM,04/04/2019 11:06:51 AM,141.225.245.10,,,,,1,1,3,1,,1,1,1,I would like to see more explanations for each review,This survey was not clear in its expectations of me.
10641547844,228484297,04/04/2019 10:58:53 AM,04/04/2019 11:02:50 AM,172.58.172.126,,,,,5,4,4,5,3,5,3,2,The amount of information in the explanation is just right.,
10641544208,228484297,04/04/2019 10:44:42 AM,04/04/2019 11:01:39 AM,141.225.194.205,,,,,4,4,4,3,3,5,3,3,I would like to see more explanations for each review,"I think we should include more features to distinguish spam or not spam ,for example  different people have different tastes and I think we should not consider max weight for not  being in agreement with other reviewers. "
10640601823,228484297,04/04/2019 04:40:45 AM,04/04/2019 04:43:57 AM,99.1.3.128,,,,,4,1,5,3,3,3,3,3,I would like to see more explanations for each review,
10640158075,228484297,04/03/2019 11:13:39 PM,04/03/2019 11:17:48 PM,69.246.89.23,,,,,3,3,3,3,3,2,1,1,I would like to see more explanations for each review,
10640142829,228484297,04/03/2019 11:03:18 PM,04/03/2019 11:04:33 PM,23.121.106.207,,,,,4,3,,3,5,3,3,2,The amount of information in the explanation is just right.,
10640125670,228484297,04/03/2019 10:48:12 PM,04/03/2019 10:49:42 PM,75.65.22.28,,,,,4,4,4,4,4,4,4,4,The amount of information in the explanation is just right.,It looks good
10640117308,228484297,04/03/2019 10:35:08 PM,04/03/2019 10:42:15 PM,73.91.226.60,,,,,5,2,3,2,3,4,3,3,I would like to see lesser explanations for each review.,
10640100465,228484297,04/03/2019 10:20:25 PM,04/03/2019 10:28:06 PM,167.187.100.160,,,,,5,5,5,5,5,5,5,5,The amount of information in the explanation is just right.,
10640006983,228484297,04/03/2019 09:00:40 PM,04/03/2019 09:16:22 PM,76.107.219.51,,,,,5,1,2,4,3,4,3,3,I would like to see more explanations for each review,
10639996999,228484297,04/03/2019 09:02:56 PM,04/03/2019 09:09:15 PM,76.107.219.70,,,,,3,4,4,4,4,5,4,4,I would like to see more explanations for each review,
10639948208,228484297,04/03/2019 08:25:28 PM,04/03/2019 08:36:15 PM,73.5.27.79,,,,,2,2,3,2,3,2,2,3,I would like to see more explanations for each review,
10639861874,228484297,04/03/2019 07:10:19 PM,04/03/2019 07:41:34 PM,141.225.245.10,,,,,3,4,2,4,4,4,5,5,I would like to see more explanations for each review,"nothing ,I  feel this great."
10639653000,228484297,04/03/2019 05:34:27 PM,04/03/2019 05:39:18 PM,141.225.245.10,,,,,,4,1,2,3,1,1,1,I would like to see more explanations for each review,
10639577473,228484297,04/03/2019 04:56:33 PM,04/03/2019 04:57:55 PM,75.65.50.180,,,,,5,5,5,5,5,5,5,5,I would like to see more explanations for each review,
10639575786,228484297,04/03/2019 04:50:45 PM,04/03/2019 04:57:04 PM,141.225.62.246,,,,,3,4,3,4,3,4,3,2,I would like to see more explanations for each review,
10639547964,228484297,04/03/2019 04:31:05 PM,04/03/2019 04:42:58 PM,141.225.193.16,,,,,5,2,4,2,1,4,4,4,The amount of information in the explanation is just right.,
10639520269,228484297,04/03/2019 04:16:11 PM,04/03/2019 04:29:01 PM,141.225.245.10,,,,,3,4,4,5,4,4,4,4,The amount of information in the explanation is just right.,
10639506482,228484297,04/03/2019 04:17:09 PM,04/03/2019 04:22:27 PM,141.225.245.10,,,,,5,4,5,5,4,3,3,3,I would like to see lesser explanations for each review.,
10639449049,228484297,04/03/2019 03:55:48 PM,04/03/2019 03:56:39 PM,99.114.67.78,,,,,5,5,4,4,5,5,4,4,The amount of information in the explanation is just right.,
