Respondent ID,Collector ID,Start Date,End Date,IP Address,Email Address,First Name,Last Name,Custom Data 1,"""Good service and good beer on tap. I wouldn't come here for food though."" Explanation



                      Words
 Weights


                          Good
 0.04


                          beer
 0.007


                          come
 0.005


                          though
 0.004


                          here
 0.004


","""Cheesesteak was pretty good, albeit this is quite a touristy place and I'm sure there are plenty of better places in town, maybe without the hype but good or even better. Went for one here followed by another at Pat's. I preferred Geno's bread, but was more a fan of Pat's steak which was filleted and just less dry, with more onions. And the dried red pepper gave it that oomph!!."" Explanation



                              Words
Weights


                              hype
 0.01


                              pretty
 0.007


                              better
 0.006


                              good
 0.002


                              pepper
0.001



","""Cold Steak? Old Bread? Racist Owner? Count me in. If they made good cheese steaks I would still give a decent review but Pat's is better any day of the week. This place does not deserve to be such a Philly landmark with such bad food. This city is known for its food so step your game up."" Explanation



                    Words
Weights


                     racist
0.01


                     cold    
0.007


                     better
0.006


                     bad
0.005


                     good
0.002



","""I don't like writing bad reviews but I feel compelled. I decided to come here with 2 friends based on the number of great reviews. All three of us eat out EVERY night...If an italian restaurant can't get the meatballs in tomato sauce right, should they be doing anything else? The meatballs were tough, and all of us at the table thought so. The eggplant appetizer needed seasoning and the sauce it came in had no flavor. I had the fillet of sole entrée which was a disaster. It tasted fishy and there was a brown pile of diarrhea looking (and tasting) substance on top of the fish..... not appetizing... I did not eat it.... am going back to my usual dining locations.... sometimes different isn't always better...""Explanation



                      Words
 Weights


                           writing
 0.01


                          restaurant
 0.01


                           diarrhea
 0.008


                           tomato
 0.008


                           appetizer
 0.006


","""Visited this restaurant last week and we kind love it. Dinning room, quite petite and close each other, but overall food wise is AOK. We tried their ""Stuffed Challah Toast"" (it was great, but I am not SWEET person). Their ""Huevos Rancheros"" was good and flavorful. Tip."" Explanation



                      Words
 Weights


                          restaurant 
 0.09


                          close
 0.09


                           kind
 0.08


                           tried
 0.01


                           flavorful
 0.005


","Did the explanations increase your understanding of how the classifier is detecting spam reviews? (1 - did not increase, 5-greatly increased)","Did the explanations increase your trust in the classifier? (1 - did not increase, 5 - greatly increased)","Based on the above explanations, will you be able to identify the spam reviews among a new set of reviews given to you (1-cannot identify, 5- can identify very accurately)",Choose one of the following:,Any other comments
,,,,,,,,,Open-Ended Response,Open-Ended Response,Open-Ended Response,Open-Ended Response,Open-Ended Response,Open-Ended Response,Open-Ended Response,Open-Ended Response,Response,Open-Ended Response
10643087771,228803956,04/04/2019 11:35:59 PM,04/04/2019 11:38:06 PM,76.107.216.230,,,,,5,5,5,5,5,5,5,5,The amount of information in the explanation is just right.,This is great
10642745880,228803956,04/04/2019 07:11:16 PM,04/04/2019 07:21:24 PM,141.225.166.118,,,,,2,,,,4,3,4,1,I would like to see more explanations for each review,
10642529742,228803956,04/04/2019 05:08:53 PM,04/04/2019 05:14:01 PM,141.225.245.10,,,,,3,3,4,2,3,,3,2,I would like to see more explanations for each review,"One idea, if possible, in the output is to communicate the weights as if they were percents: that is have them add up to 100%. In the business contexts that I am used to working in, whenever the decimals add to 1 (or 100%), then lay business people compares the values with each other quicker because there is a scale. Right now, a reader - particularly one without a background in neural nets - may not know how strong 0.07 in terms of magnitude since there's no scale to put that into context for, but say 23% has a scale since it's automatically out of 100%. "
10642461514,228803956,04/04/2019 04:34:42 PM,04/04/2019 04:39:42 PM,141.225.42.111,,,,,,,2,,,,,,I would like to see more explanations for each review,
10642305787,228803956,04/04/2019 03:29:54 PM,04/04/2019 03:31:40 PM,76.107.220.28,,,,,2,2,2,2,4,2,1,2,The amount of information in the explanation is just right.,
10642186172,228803956,04/04/2019 02:42:32 PM,04/04/2019 02:44:34 PM,141.225.245.10,,,,,3,2,1,3,2,4,3,2,I would like to see more explanations for each review,
10641667970,228803956,04/04/2019 11:36:20 AM,04/04/2019 11:42:22 AM,76.107.219.249,,,,,5,3,3,3,4,3,3,2,I would like to see more explanations for each review,
10641609735,228803956,04/04/2019 11:14:54 AM,04/04/2019 11:22:47 AM,141.225.194.205,,,,,4,3,4,3,3,2,2,2,I would like to see more explanations for each review,I may be wrong but I couldn't figure it out why the word restaurant should have a weight for spam detection or tomato . the weight values were  very low and I couldn't figure it out what were most important features with highest weight  for spam detection .   
10641561745,228803956,04/04/2019 11:05:54 AM,04/04/2019 11:07:17 AM,172.58.172.126,,,,,5,5,4,4,5,5,5,4,The amount of information in the explanation is just right.,
10641545936,228803956,04/04/2019 10:47:50 AM,04/04/2019 11:02:13 AM,141.225.71.122,,,,,3,3,4,4,3,2,2,1,I would like to see more explanations for each review,
10640605586,228803956,04/04/2019 04:45:15 AM,04/04/2019 04:46:05 AM,99.1.3.128,,,,,3,3,3,3,3,3,3,3,I would like to see more explanations for each review,
10640109889,228803956,04/03/2019 10:33:50 PM,04/03/2019 10:35:47 PM,75.65.55.68,,,,,4,3,4,4,4,5,5,4,The amount of information in the explanation is just right.,
10640019087,228803956,04/03/2019 09:23:12 PM,04/03/2019 09:25:13 PM,76.107.219.51,,,,,2,2,1,2,1,4,1,1,I would like to see more explanations for each review,
10640003724,228803956,04/03/2019 09:13:03 PM,04/03/2019 09:14:05 PM,76.107.219.70,,,,,3,4,5,3,4,5,5,4,The amount of information in the explanation is just right.,
10639965665,228803956,04/03/2019 08:41:42 PM,04/03/2019 08:47:52 PM,73.5.27.79,,,,,2,,2,2,,,2,2,I would like to see more explanations for each review,
10639947308,228803956,04/03/2019 08:30:14 PM,04/03/2019 08:35:38 PM,172.56.20.56,,,,,3,4,2,4,3,3,4,3,I would like to see more explanations for each review,
10639884362,228803956,04/03/2019 07:49:04 PM,04/03/2019 07:55:55 PM,75.65.50.75,,,,,3,5,3,4,3,3,4,3,I would like to see more explanations for each review,
10639595523,228803956,04/03/2019 05:03:50 PM,04/03/2019 05:07:29 PM,75.65.196.150,,,,,3,2,1,1,3,3,3,3,I would like to see more explanations for each review,
10639581329,228803956,04/03/2019 04:48:35 PM,04/03/2019 05:00:00 PM,141.225.245.10,,,,,2,4,4,2,4,3,3,2,I would like to see more explanations for each review,I would like to know how the weights are being assigned/calculated.
10639576238,228803956,04/03/2019 04:46:04 PM,04/03/2019 04:57:18 PM,141.225.163.139,,,,,2,1,4,1,3,3,2,3,I would like to see more explanations for each review,
10639535525,228803956,04/03/2019 04:28:42 PM,04/03/2019 04:36:32 PM,141.225.163.162,,,,,5,5,5,5,5,4,3,3,I would like to see more explanations for each review,
