Respondent ID,Collector ID,Start Date,End Date,IP Address,Email Address,First Name,Last Name,Custom Data 1,"""I love this place. Decor 10 out of 10, Taste 10 out of 10. and seriously is it a chef making these meals or a chemist. the mixture of the flavors is just perfect and amazing. you enjoy every bite you take. and wow the bread to start off with adds this moist and chewiness that you want to savor..... you can't go wrong with this place. the duck and the salmon was wonderful and great portion size too! but like it said. i loved the bread lol."" Rating: EXCELLENTExplanations



 Words
Weights


place
0.05


bite
0.04


wrong
0.04


take
0.02


wow
0.01


","""we went here with some friends that live in the neighborhood and it was super cute. The people were very friendly and the food was delicious. i had the vegetable risotto which was tasty with fresh corn, sweet potato and other yummy things. i also tasted the steak au poivre which was very peppery. i liked it. this is a great place to go for a yummy and enjoyable meal.""Rating: EXCELLENTExplanations



Words
Weights


cute 
0.02


peppery 
0.01


some 
0.01


very 
0.01


friendly 
0.01



","""I really like pizza, and I came here really loving the Lombardi's that used to exist in Philadelphia. That one probably produced the same pizza that the 5-star reviews here refer to. Unfortunately, the one they gave me was soggy and unpleasant, and took some 2 hours of waiting to finally procure. So I am not really a fan.""Rating: POORExplanations



  Words
 Weights


waiting
0.07


finally
0.06


used
0.05


probably
0.02


loving
0.02


","''The place is totally overcrowded, noisy, too brightly lit, not relaxing, and gratuitously overpriced. Overrun by tourists. Completely not worth it. Go to a real restaurant if you want a relaxing and enjoyable eating experience. If you're just there to shop, be jostled by the madding crowd and by gypped, then you might enjoy it.''Rating: POORExplanations



 Words
Weights


experience
0.09


brightly
0.08


real
0.08


worth
0.05


tourists
0.04


","""This place is great. Reminiscent of a Japanese spin on ""fast food,"" but the quality is anything but that. I got a hearty meal of vegetables over brown rice with tofu for under ten bucks. Food tasted fresh, came out quickly, and they serve beer and sake."" Rating: EXCELLENT Explanations



  Words   
Weights 


quality
 0.02


brown
0.02


sake
0.01


spin
0.01


quickly
0.01


","Did the explanations increase your understanding of how the classifier is detecting ratings of reviews? (1 - did not increase, 5-greatly increased)","Did the explanations increase your trust in the classifier? (1 - did not increase, 5 - greatly increased)","Based on the above explanations, will you be able to identify the rating of reviews among a new set of reviews given to you (1-cannot identify, 5- can identify very accurately)",Choose one of the following:,Any other comments
,,,,,,,,,Open-Ended Response,Open-Ended Response,Open-Ended Response,Open-Ended Response,Open-Ended Response,Open-Ended Response,Open-Ended Response,Open-Ended Response,Response,Open-Ended Response
10643088983,229578852,04/04/2019 11:38:15 PM,04/04/2019 11:39:15 PM,76.107.216.230,,,,,5,5,5,5,5,5,5,5,The amount of information in the explanation is just right.,This is nice!
10642740179,229578852,04/04/2019 07:11:16 PM,04/04/2019 07:17:49 PM,141.225.166.118,,,,,5,5,,2,5,4,4,3,The amount of information in the explanation is just right.,
10642485181,229578852,04/04/2019 04:39:45 PM,04/04/2019 04:51:37 PM,141.225.42.111,,,,,1,4,1,,3,1,2,2,I would like to see more explanations for each review.,"In the case of word-level explanation, it becomes difficult to understand the decision of classifier when the reasons are a mix-bag of positive and negative sentiment words."
10642308868,229578852,04/04/2019 03:31:42 PM,04/04/2019 03:32:57 PM,76.107.220.28,,,,,5,5,3,5,5,4,4,4,The amount of information in the explanation is just right.,
10642188080,229578852,04/04/2019 02:42:36 PM,04/04/2019 02:45:19 PM,141.225.245.10,,,,,2,3,5,4,3,3,3,3,I would like to see more explanations for each review.,
10641678678,229578852,04/04/2019 11:42:26 AM,04/04/2019 11:45:51 AM,76.107.219.249,,,,,3,4,5,5,5,4,4,4,The amount of information in the explanation is just right.,
10641633703,229578852,04/04/2019 11:22:57 AM,04/04/2019 11:30:53 AM,141.225.194.205,,,,,2,3,4,4,3,3,3,3,I would like to see more explanations for each review.,"I Could not understand why words place and bite had higher weight than wow ?!  or Very and some had the same weight as friendly . ... or  word experience had the highest wight , it can be good experience and bad experience , just word experience should not have the max weight . "
10641565441,229578852,04/04/2019 11:07:30 AM,04/04/2019 11:08:28 AM,172.58.172.126,,,,,5,5,4,4,4,5,4,4,I would like to see more explanations for each review.,
10641552520,229578852,04/04/2019 11:02:23 AM,04/04/2019 11:04:19 AM,141.225.71.122,,,,,2,2,3,3,2,2,2,,I would like to see more explanations for each review.,
10640606587,229578852,04/04/2019 04:46:12 AM,04/04/2019 04:46:43 AM,99.1.3.128,,,,,3,3,3,3,3,3,3,3,I would like to see more explanations for each review.,
10640111348,229578852,04/03/2019 10:35:59 PM,04/03/2019 10:37:00 PM,75.65.55.68,,,,,4,4,3,2,3,4,4,4,I would like to see more explanations for each review.,
10640020957,229578852,04/03/2019 09:25:17 PM,04/03/2019 09:26:33 PM,76.107.219.51,,,,,4,3,4,2,2,4,2,3,I would like to see more explanations for each review.,
10640005207,229578852,04/03/2019 09:14:11 PM,04/03/2019 09:15:07 PM,76.107.219.70,,,,,5,4,5,3,5,4,5,4,The amount of information in the explanation is just right.,
10639969186,229578852,04/03/2019 08:47:55 PM,04/03/2019 08:50:11 PM,73.5.27.79,,,,,2,3,4,2,3,3,5,5,I would like to see more explanations for each review.,
10639956850,229578852,04/03/2019 08:36:16 PM,04/03/2019 08:42:00 PM,172.56.20.56,,,,,4,2,5,5,3,3,4,4,I would like to see more explanations for each review.,
10639604119,229578852,04/03/2019 04:57:28 PM,04/03/2019 05:12:05 PM,141.225.163.139,,,,,3,4,4,3,2,3,3,3,I would like to see more explanations for each review.,
10639599195,229578852,04/03/2019 05:07:35 PM,04/03/2019 05:09:24 PM,75.65.196.150,,,,,3,3,2,3,2,3,3,3,I would like to see more explanations for each review.,
10639594863,229578852,04/03/2019 05:00:08 PM,04/03/2019 05:07:08 PM,141.225.245.10,,,,,5,5,3,4,5,4,4,,I would like to see more explanations for each review.,
10639544647,229578852,04/03/2019 04:28:48 PM,04/03/2019 04:41:15 PM,141.225.163.162,,,,,1,1,5,3,2,4,5,4,The amount of information in the explanation is just right.,
